Index,Customer Id,First Name,Last Name,Company,City,Country,Phone 1,Phone 2,Email,Subscription Date,Website
1,DD37Cf93aecA6Dc,Sheryl,Baxter,Rasmussen Group,East Leonard,Chile,2290775154,3978840519x718,zunigavanessa@smithinfo,2020-08-24,http://wwwstephensoncom/
2,1Ef7b82A4CAAD10,Preston,Lozano,Vega-Gentry,East Jimmychester,Djibouti,5153435776,686-620-1820x944,vmata@coloncom,2021-04-23,http://wwwhobbscom/
3,6F94879bDAfE5a6,Roy,Berry,Murillo-Perry,Isabelborough,Antigua and Barbuda,1-539-402-0259,(496)978-3969x58947,beckycarr@hogancom,2020-03-25,http://wwwlawrencecom/
4,5Cef8BFA16c5e3c,Linda,Olsen,"Dominguez, Mcmillan and Donovan",Bensonview,Dominican Republic,001-808-617-6467x12895,1-813-324-8756,stanleyblackwell@bensonorg,2020-06-02,http://wwwgood-lyonscom/
5,053d585Ab6b3159,Joanna,Bender,"Martin, Lang and Andrade",West Priscilla,Slovakia (Slovak Republic),001-234-203-0635x76146,001-199-446-3860x3486,colinalvarado@milesnet,2021-04-17,https://goodwin-ingramcom/
6,2d08FB17EE273F4,Aimee,Downs,Steele Group,Chavezborough,Bosnia and Herzegovina,(283)437-3886x88321,999-728-1637,louis27@gilbertcom,2020-02-25,http://wwwbergernet/
7,EA4d384DfDbBf77,Darren,Peck,"Lester, Woodard and Mitchell",Lake Ana,Pitcairn Islands,(496)452-6181x3291,1-247-266-0963x4995,tgates@cantrellcom,2021-08-24,https://wwwlecom/
8,0e04AFde9f225dE,Brett,Mullen,"Sanford, Davenport and Giles",Kimport,Bulgaria,001-583-352-7197x297,001-333-145-0369,asnow@coloncom,2021-04-12,https://hammond-ramseycom/
9,C2dE4dEEc489ae0,Sheryl,Meyers,Browning-Simon,Robersonstad,Cyprus,854-138-4911x5772,1-448-910-2276x729,mariokhan@ryan-popeorg,2020-01-13,https://wwwbullocknet/
10,8C2811a503C7c5a,Michelle,Gallagher,Beck-Hendrix,Elaineberg,Timor-Leste,7392182516x459,001-054-401-0347x617,mdyer@escobarnet,2021-11-08,https://ariascom/
11,216E205d6eBb815,Carl,Schroeder,"Oconnell, Meza and Everett",Shannonville,Guernsey,637-854-0256x825,1143360784x788,kirksalas@webbcom,2021-10-20,https://simmons-hurleycom/
12,CEDec94deE6d69B,Jenna,Dodson,"Hoffman, Reed and Mcclain",East Andrea,Vietnam,(041)737-3846,1-556-888-3485x42608,mark42@robbinscom,2020-11-29,http://wwwdouglasnet/
13,e35426EbDEceaFF,Tracey,Mata,Graham-Francis,South Joannamouth,Togo,001-949-844-8787,(855)713-8773,alex56@wallsorg,2021-12-02,http://wwwbeckcom/
14,A08A8aF8BE9FaD4,Kristine,Cox,Carpenter-Cook,Jodyberg,Sri Lanka,786-284-3358x62152,1-315-627-1796x8074,holdenmiranda@clarkecom,2021-02-08,https://wwwbrandtcom/
15,6fEaA1b7cab7B6C,Faith,Lutz,Carter-Hancock,Burchbury,Singapore,(781)861-7180x8306,207-185-3665,cassieparrish@blevins-chapmannet,2022-01-26,http://stevensonorg/
16,8cad0b4CBceaeec,Miranda,Beasley,Singleton and Sons,Desireeshire,Oman,5400853135x185,1-600-462-6432x21881,vduncan@parks-hardycom,2022-04-12,http://acostaorg/
17,a5DC21AE3a21eaA,Caroline,Foley,Winters-Mendoza,West Adriennestad,Western Sahara,9362224746x9924,001-469-948-6341x359,holtgwendolyn@watson-davenportcom,2021-03-10,http://wwwbenson-rothcom/
18,F8Aa9d6DfcBeeF8,Greg,Mata,Valentine LLC,Lake Leslie,Mozambique,(701)087-2415,(195)156-1861x26241,jaredjuarez@carrollorg,2022-03-26,http://pitts-cherrycom/
19,F160f5Db3EfE973,Clifford,Jacobson,Simon LLC,Harmonview,South Georgia and the South Sandwich Islands,001-151-330-3524x0469,(748)477-7174,joseph26@jacobsoncom,2020-09-24,https://mcconnellcom/
20,0F60FF3DdCd7aB0,Joanna,Kirk,Mays-Mccormick,Jamesshire,French Polynesia,(266)131-7001x711,(283)312-5579x11543,tuckerangie@salazarnet,2021-09-24,https://wwwcamachonet/
21,9F9AdB7B8A6f7F2,Maxwell,Frye,Patterson Inc,East Carly,Malta,4232623059,202-880-0688x7491,fgibson@drake-webbcom,2022-01-12,http://wwwrobertscom/
22,FBd0Ded4F02a742,Kiara,Houston,"Manning, Hester and Arroyo",South Alvin,Netherlands,001-274-040-3582x10611,1-528-175-0973x4684,blanchardbob@wallace-shannoncom,2020-09-15,https://wwwreid-pottscom/
23,2FB0FAA1d429421,Colleen,Howard,Greer and Sons,Brittanyview,Paraguay,1935085151,(947)115-7711x5488,rsingleton@ryan-cherrycom,2020-08-19,http://paulbiz/
24,010468dAA11382c,Janet,Valenzuela,Watts-Donaldson,Veronicamouth,Lao People's Democratic Republic,3542595062x7538,5004332022,stefanie71@spencecom,2020-09-08,https://morenobiz/
25,eC1927Ca84E033e,Shane,Wilcox,Tucker LLC,Bryanville,Albania,(429)005-9030x11004,541-116-4501,mariah88@santoscom,2021-04-06,https://wwwramoscom/
26,09D7D7C8Fe09aea,Marcus,Moody,Giles Ltd,Kaitlyntown,Panama,674-677-8623,909-277-5485x566,donnamullins@norris-barrettorg,2022-05-24,https://wwwcurrycom/
27,aBdfcF2c50b0bfD,Dakota,Poole,Simmons Group,Michealshire,Belarus,(371)987-8576x4720,071-152-1376,stacey67@fieldsorg,2022-02-20,https://sanford-wilcoxbiz/
28,b92EBfdF8a3f0E6,Frederick,Harper,"Hinton, Chaney and Stokes",South Marissatown,Switzerland,1-077-121-1558x0687,2647427149,jacobkhan@brightbiz,2022-05-26,https://callahanorg/
29,3B5dAAFA41AFa22,Stefanie,Fitzpatrick,Santana-Duran,Acevedoville,Saint Vincent and the Grenadines,(752)776-3286,1-472-021-4814x85074,wterrell@clarkcom,2020-07-30,https://meyerscom/
30,EDA69ca7a6e96a2,Kent,Bradshaw,Sawyer PLC,North Harold,Tanzania,1-472-143-5037x884,1269226153,qjimenez@boydcom,2020-04-26,http://maynard-hocom/
31,64DCcDFaB9DFd4e,Jack,Tate,"Acosta, Petersen and Morrow",West Samuel,Zimbabwe,965-108-4406x20714,0469061442x6784,gfigueroa@boone-zavalacom,2021-09-15,http://wwwhawkins-ramseycom/
32,679c6c83DD872d6,Tom,Trujillo,Mcgee Group,Cunninghamborough,Denmark,416-338-3758,(775)890-7209,tapiagreg@beardinfo,2022-01-13,http://wwwdaniels-kleincom/
33,7Ce381e4Afa4ba9,Gabriel,Mejia,Adkins-Salinas,Port Annatown,Liechtenstein,4077245425,6460440696x66800,coleolson@jenningsnet,2021-04-24,https://patel-hansoninfo/
34,A09AEc6E3bF70eE,Kaitlyn,Santana,Herrera Group,New Kaitlyn,United States of America,6303643286,447-710-6202x07313,georgeross@milesorg,2021-09-21,http://phamcom/
35,aA9BAFfBc3710fe,Faith,Moon,"Waters, Chase and Aguilar",West Marthaburgh,Bahamas,1-586-217-0359x6317,1-818-199-1403,willistonya@randolph-bakercom,2021-11-03,https://spencer-charlesinfo/
36,E11dfb2DB8C9f72,Tammie,Haley,"Palmer, Barnes and Houston",East Teresa,Belize,001-276-734-4113x6087,(430)300-8770,harrisisaiah@jenkinscom,2022-01-04,http://evans-simoncom/
37,889eCf90f68c5Da,Nicholas,Sosa,Jordan Ltd,South Hunter,Uruguay,(661)425-6042,975-998-1519,fwolfe@dorseycom,2021-08-10,https://wwwfleming-richardscom/
38,7a1Ee69F4fF4B4D,Jordan,Gay,Glover and Sons,South Walter,Solomon Islands,7208417020,8035336772,tiffanydavies@harris-mcfarlandorg,2021-02-24,http://wwwleeorg/
39,dca4f1D0A0fc5c9,Bruce,Esparza,Huerta-Mclean,Poolefurt,Montenegro,559-529-4424,001-625-000-7132x0367,preese@frye-vegacom,2021-10-22,http://wwwfarleyorg/
40,17aD8e2dB3df03D,Sherry,Garza,Anderson Ltd,West John,Poland,001-067-713-6440x158,(978)289-8785x5766,ann48@millercom,2021-11-01,http://spencecom/
41,2f79Cd309624Abb,Natalie,Gentry,Monroe PLC,West Darius,Dominican Republic,8309968238,4991225415,tcummings@fitzpatrick-ashleycom,2020-10-10,http://wwwdorseybiz/
42,6e5ad5a5e2bB5Ca,Bryan,Dunn,Kaufman and Sons,North Jimstad,Burkina Faso,001-710-802-5565,0786998982x13881,woodwardandres@phelpscom,2021-09-08,http://wwwbutlercom/
43,7E441b6B228DBcA,Wayne,Simpson,Perkins-Trevino,East Rebekahborough,Bolivia,(344)156-8632x1869,463-445-3702x38463,barbarapittman@holdercom,2020-12-13,https://gillespie-holdercom/
44,D3fC11A9C235Dc6,Luis,Greer,Cross PLC,North Drew,Bulgaria,001-336-025-6849x701,6846982911x6092,bstuart@williamson-mcclurecom,2022-05-15,https://fletcher-nielsencom/
45,30Dfa48fe5Ede78,Rhonda,Frost,"Herrera, Shepherd and Underwood",Lake Lindaburgh,Monaco,(127)081-9339,1-431-028-3337x3492,zkrueger@wolf-chaveznet,2021-12-06,http://wwwkhancom/
46,fD780ED8dbEae7B,Joanne,Montes,"Price, Sexton and Mcdaniel",Gwendolynview,Palau,(897)726-7952,(467)886-9467x5721,juan80@hensonnet,2020-07-01,http://ochoacom/
47,300A40d3ce24bBA,Geoffrey,Guzman,Short-Wiggins,Zimmermanland,Uzbekistan,9752358921x269,(983)188-6873,bauercrystal@gaycom,2020-04-23,https://decker-klinecom/
48,283DFCD0Dba40aF,Gloria,Mccall,"Brennan, Acosta and Ramos",North Kerriton,Ghana,445-603-6729,001-395-959-4736x4524,bartlettjenna@zuniga-mossbiz,2022-03-11,http://burgess-frankcom/
49,F4Fc91fEAEad286,Brady,Cohen,Osborne-Erickson,North Eileenville,United Arab Emirates,7418490139x524,1-028-691-7497x0894,mccalltyrone@durham-rosebiz,2022-03-10,http://hammond-barroncom/
50,80F33Fd2AcebF05,Latoya,Mccann,"Hobbs, Garrett and Sanford",Port Sergiofort,Belarus,(530)287-4548x29481,162-234-0249x32790,bobhammond@barrybiz,2021-12-02,https://wwwburtoncom/
51,Aa20BDe68eAb0e9,Gerald,Hawkins,"Phelps, Forbes and Koch",New Alberttown,Canada,1-323-239-1456x96168,(092)508-0269,uwarner@steele-ariascom,2021-03-19,https://valenzuelacom/
52,e898eEB1B9FE22b,Samuel,Crawford,"May, Goodwin and Martin",South Jasmine,Algeria,802-242-7457,6261169535x8578,xpittman@ritter-carneynet,2021-03-27,https://guerreroorg/
53,faCEF517ae7D8eB,Patricia,Goodwin,"Christian, Winters and Ellis",Cowanfort,Swaziland,3225497139x70040,(111)741-4173,vaughanchristy@larabiz,2021-03-08,http://clarkinfo/
54,c09952De6Cda8aA,Stacie,Richard,Byrd Inc,New Deborah,Madagascar,001-622-948-3641x24810,001-731-168-2893x8891,clinton85@colon-ariasorg,2020-10-15,https://kimcom/
55,f3BEf3Be028166f,Robin,West,"Nixon, Blackwell and Sosa",Wallstown,Ecuador,6983034267,001-683-837-7651x525,greenemiranda@zimmermancom,2022-01-13,https://wwwmoracom/
56,C6F2Fc6a7948a4e,Ralph,Haas,Montes PLC,Lake Ellenchester,Palestinian Territory,2239271999,001-962-434-0867x649,goodmancesar@figueroabiz,2020-05-25,http://maycom/
57,c8FE57cBBdCDcb2,Phyllis,Maldonado,Costa PLC,Lake Whitney,Saint Barthelemy,4500370767,001-508-064-6725x017,yhanson@warner-diazorg,2021-01-25,http://wwwbernardcom/
58,B5acdFC982124F2,Danny,Parrish,Novak LLC,East Jaredbury,United Arab Emirates,(669)384-8597x8794,5067315952x571,howelldarren@house-cohencom,2021-03-17,http://wwwparsons-hudsoncom/
59,8c7DdF10798bCC3,Kathy,Hill,"Moore, Mccoy and Glass",Selenabury,South Georgia and the South Sandwich Islands,001-171-716-2175x310,8886250654,ncamacho@boone-simmonsorg,2020-11-15,http://haydencom/
60,C681dDd0cc422f7,Kelli,Hardy,Petty Ltd,Huangfort,Sao Tome and Principe,0203242191x2022,424-157-8216,kristopher62@olivercom,2020-12-20,http://wwwkiddcom/
61,a940cE42e035F28,Lynn,Pham,"Brennan, Camacho and Tapia",East Pennyshire,Portugal,8464686834x611,001-248-691-0006,mpham@rios-guzmancom,2020-08-21,https://wwwmurphycom/
62,9Cf5E6AFE0aeBfd,Shelley,Harris,"Prince, Malone and Pugh",Port Jasminborough,Togo,4230980315x8373,1-386-458-8944x15194,zachary96@mitchell-bryantorg,2020-12-10,https://wwwryancom/
63,aEcbe5365BbC67D,Eddie,Jimenez,Caldwell Group,West Kristine,Ethiopia,1-235-657-1073x6306,(026)401-7353x2417,kristiwhitney@bernardcom,2022-03-24,http://cherrycom/
64,FCBdfCEAe20A8Dc,Chloe,Hutchinson,Simon LLC,South Julia,Netherlands,981-544-9452,1-288-552-4666x060,leah85@sutton-terrellcom,2022-05-15,https://mitchellinfo/
65,636cBF0835E10ff,Eileen,Lynch,"Knight, Abbott and Hubbard",Helenborough,Liberia,1-158-951-4131x53578,001-673-779-6713x680,levigiles@vincentcom,2021-01-02,http://mckaycom/
66,fF1b6c9E8Fbf1ff,Fernando,Lambert,Church-Banks,Lake Nancy,Lithuania,4978299038,3863743398,fisherlinda@schaefernet,2021-04-23,https://wwwvangcom/
67,2A13F74EAa7DA6c,Makayla,Cannon,Henderson Inc,Georgeport,New Caledonia,001-215-801-6392x46009,027-609-6460,scottcurtis@hurleybiz,2020-01-20,http://wwwvelazqueznet/
68,a014Ec1b9FccC1E,Tom,Alvarado,Donaldson-Dougherty,South Sophiaberg,Kiribati,(585)606-2980x2258,730-797-3594x5614,nicholsonnina@montgomeryinfo,2020-08-18,http://odom-masseycom/
69,421a109cABDf5fa,Virginia,Dudley,Warren Ltd,Hartbury,French Southern Territories,0278463705x14184,1-439-171-1846x4636,zvalencia@phelpscom,2021-01-31,http://hunter-esparzacom/
70,CC68FD1D3Bbbf22,Riley,Good,Wade PLC,Erikaville,Canada,6977745822,855-436-7641,alex06@gallowaycom,2020-02-03,http://conwayorg/
71,CBCd2Ac8E3eBDF9,Alexandria,Buck,Keller-Coffey,Nicolasfort,Iran,078-900-4760x76668,414-112-8700x68751,lee48@manningcom,2021-02-20,https://ramseyorg/
72,Ef859092FbEcC07,Richard,Roth,Conway-Mcbride,New Jasmineshire,Morocco,581-440-6539,9857827463,aharper@maddox-townsendorg,2020-02-23,https://wwwbrookscom/
73,F560f2d3cDFb618,Candice,Keller,Huynh and Sons,East Summerstad,Zimbabwe,001-927-965-8550x92406,001-243-038-4271x53076,buckleycory@odonnellnet,2020-08-22,https://wwwlucerocom/
74,A3F76Be153Df4a3,Anita,Benson,Parrish Ltd,Skinnerport,Russian Federation,8746175668x69878,(399)820-6418x0071,angie04@oconnellcom,2020-02-09,http://oconnorcom/
75,D01Af0AF7cBbFeA,Regina,Stein,Guzman-Brown,Raystad,Solomon Islands,001-469-848-0724x4407,001-085-360-4426x00357,zrosario@rojas-hardinnet,2022-01-15,http://wwwjohnstoninfo/
76,d40e89dCade7b2F,Debra,Riddle,"Chang, Aguirre and Leblanc",Colinhaven,United States Virgin Islands,1-768-182-6014x14336,(303)961-4491,shieldskerry@roblescom,2020-07-11,http://kaiserinfo/
77,BF6a1f9bd1bf8DE,Brittany,Zuniga,Mason-Hester,West Reginald,Kyrgyz Republic,(050)136-9025,001-480-851-2496x0157,mchandler@cochran-huertaorg,2021-07-24,http://wwwboylecom/
78,FfaeFFbbbf280db,Cassidy,Mcmahon,"Mcguire, Huynh and Hopkins",Lake Sherryborough,Myanmar,5040771311,684-682-0021x1326,katrinalane@fitzgeraldcom,2020-10-21,https://hurstcom/
79,CbAE1d1e9a8dCb1,Laurie,Pennington,"Sanchez, Marsh and Hale",Port Katherineville,Dominica,0071553406x553,1-809-862-5566x277,cookejill@powellcom,2020-06-08,http://wwwhebertcom/
80,A7F85c1DE4dB87f,Alejandro,Blair,"Combs, Waller and Durham",Thomasland,Iceland,(690)068-4641x51468,5555098691x2329,elizabethbarr@ewingcom,2020-09-19,https://mercado-blevinscom/
81,D6CEAfb3BDbaa1A,Leslie,Jennings,Blankenship-Arias,Coreybury,Micronesia,6291986346,0752560829,corey75@wigginscom,2021-11-13,https://wwwjuarezcom/
82,Ebdb6F6F7c90b69,Kathleen,Mckay,"Coffey, Lamb and Johnson",Lake Janiceton,Saint Vincent and the Grenadines,(733)910-9968,(691)247-4128x0665,chloelester@higgins-wilkinsoncom,2021-09-12,http://wwwowens-mooneycom/
83,E8E7e8Cfe516ef0,Hunter,Moreno,Fitzpatrick-Lawrence,East Clinton,Isle of Man,(733)833-6754,001-761-013-7121,isaac26@benton-finleycom,2020-12-28,http://wallsinfo/
84,78C06E9b6B3DF20,Chad,Davidson,Garcia-Jimenez,South Joshuashire,Oman,8275702958,(804)842-4715,justinwalters@jimenezcom,2021-11-15,http://wwwgarner-olivercom/
85,03A1E62ADdeb31c,Corey,Holt,"Mcdonald, Bird and Ramirez",New Glenda,Fiji,001-439-242-4986x7918,3162708934,maurice46@morgancom,2020-02-18,http://wwwwatsoncom/
86,C6763c99d0bd16D,Emma,Cunningham,Stephens Inc,North Jillianview,New Zealand,128-059-0206x60217,(312)164-4545x2284,walter83@juarezorg,2022-05-13,http://wwwreidinfo/
87,ebe77E5Bf9476CE,Duane,Woods,Montoya-Miller,Lyonsberg,Maldives,(636)544-7783x7288,(203)287-1003x5932,kmercer@wagnercom,2020-07-21,http://murrayorg/
88,E4Bbcd8AD81fC5f,Alison,Vargas,"Vaughn, Watts and Leach",East Cristinabury,Benin,365-273-8144,053-308-7653x6287,vcantu@nortoncom,2020-11-10,http://masoninfo/
89,efeb73245CDf1fF,Vernon,Kane,Carter-Strickland,Thomasfurt,Yemen,114-854-1159x555,499-608-4612,hilljesse@barrettinfo,2021-04-15,http://wwwduffy-hensleynet/
90,37Ec4B395641c1E,Lori,Flowers,Decker-Mcknight,North Joeburgh,Namibia,6794151210,945-842-3659x4581,tyrone77@valenzuelainfo,2021-01-09,http://wwwdeleon-crosbycom/
91,5ef6d3eefdD43bE,Nina,Chavez,Byrd-Campbell,Cassidychester,Bhutan,053-344-3205,1-330-920-5422x571,elliserica@frankcom,2020-03-26,https://wwwpughcom/
92,98b3aeDcC3B9FF3,Shane,Foley,Rocha-Hart,South Dannymouth,Hungary,1-822-569-0302,001-626-114-5844x55073,nsteele@sparkscom,2021-07-06,https://wwwholt-sparkscom/
93,aAb6AFc7AfD0fF3,Collin,Ayers,Lamb-Peterson,South Lonnie,Anguilla,404-645-5351x012,001-257-582-8850x8516,dudleyemily@gonzalesbiz,2021-06-29,http://wwwruizcom/
94,54B5B5Fe9F1B6C5,Sherry,Young,"Lee, Lucero and Johnson",Frankchester,Solomon Islands,158-687-1764,(438)375-6207x003,alan79@gates-mclaughlincom,2021-04-04,https://travisnet/
95,BE91A0bdcA49Bbc,Darrell,Douglas,"Newton, Petersen and Mathis",Daisyborough,Mali,001-084-845-9524x1777,001-769-564-6303,grayjean@lowery-goodcom,2022-02-17,https://banksbiz/
96,cb8E23e48d22Eae,Karl,Greer,Carey LLC,East Richard,Guyana,(188)169-1674x58692,001-841-293-3519x614,hhart@jensencom,2022-01-30,http://hayes-perezcom/
97,CeD220bdAaCfaDf,Lynn,Atkinson,"Ware, Burns and Oneal",New Bradview,Sri Lanka,1-846-706-2218,6054133198,vkemp@ferrellcom,2021-07-10,https://novak-allisoncom/
98,28CDbC0dFe4b1Db,Fred,Guerra,Schmitt-Jones,Ortegaland,Solomon Islands,1-753-067-8419x7170,1-632-666-7507x92121,swagner@kaneorg,2021-09-18,https://wwwrosscom/
99,c23d1D9EE8DEB0A,Yvonne,Farmer,Fitzgerald-Harrell,Lake Elijahview,Aruba,(530)311-9786,001-869-452-0943x12424,mccarthystephen@horn-greenbiz,2021-08-11,http://watkinsinfo/
100,2354a0E336A91A1,Clarence,Haynes,"Le, Nash and Cross",Judymouth,Honduras,(753)813-6941,7836391472,colleen91@faulknerbiz,2020-03-11,http://wwwhatfield-saundersnet/
